id,medicine_name,category,price
1,adalne nano gel,acne,214
2,saslic face wash,acne ,297
3,tretiva,acne,210
4,acnelak-CLZ,acne,54
5,hyde,acne,52
6,bioderma,sun screen,1200
7,pheno peel,peeling,1000
8,black peel ,peeling,1200
9,salisylic,peeling,1000
10,Lakme sun expert,sun screen,190
11,Garnier men acne fight,facewash,150
12,fash,facewash,170
13,disprin,headache,5
14,dant kranti,toothpaste,50
15,pepsodent,toothpaste,60
16,close up,toothpaste,40
17,cinthol,power,60
18,axe signature,deo,219
