Company Name,Industry,Symbol,Series,ISIN Code,Keywords
ACC Ltd.,CEMENT & CEMENT PRODUCTS,ACC,EQ,INE012A01025,ACC
AU Small Finance Bank Ltd.,FINANCIAL SERVICES,AUBANK,EQ,INE949L01017,AU Small Finance Bank
Aarti Industries Ltd.,CHEMICALS,AARTIIND,EQ,INE769A01020,Aarti Industries
Abbott India Ltd.,PHARMA,ABBOTINDIA,EQ,INE358A01014,Abbott India ; Abbott
Adani Enterprises Ltd.,METALS,ADANIENT,EQ,INE423A01024,Adani Enterprises ;
Adani Green Energy Ltd.,POWER,ADANIGREEN,EQ,INE364U01010,Adani Green Energy ;
Adani Ports and Special Economic Zone Ltd.,SERVICES,ADANIPORTS,EQ,INE742F01042,Adani Ports ;
Adani Total Gas Ltd.,OIL & GAS,ATGL,EQ,INE399L01023,Adani Total Gas ; Adani Gas
Adani Transmission Ltd.,POWER,ADANITRANS,EQ,INE931S01010,Adani Transmission ;
Aditya Birla Capital Ltd.,FINANCIAL SERVICES,ABCAPITAL,EQ,INE674K01013,Aditya Birla Capital ;
Aditya Birla Fashion and Retail Ltd.,CONSUMER SERVICES,ABFRL,EQ,INE647O01011,Aditya Birla Fashion ;
Ajanta Pharmaceuticals Ltd.,PHARMA,AJANTPHARM,EQ,INE031B01049,Ajanta Pharmaceuticals ; Ajanta
Alembic Pharmaceuticals Ltd.,PHARMA,APLLTD,EQ,INE901L01018,Alembic Pharmaceuticals ;
Alkem Laboratories Ltd.,PHARMA,ALKEM,EQ,INE540L01014,Alkem Laboratories ;
Amara Raja Batteries Ltd.,AUTOMOBILE,AMARAJABAT,EQ,INE885A01032,Amara Raja Batteries ;
Ambuja Cements Ltd.,CEMENT & CEMENT PRODUCTS,AMBUJACEM,EQ,INE079A01024,Ambuja Cements ; Ambuja
Apollo Hospitals Enterprise Ltd.,HEALTHCARE SERVICES,APOLLOHOSP,EQ,INE437A01024,Apollo Hospitals ;
Apollo Tyres Ltd.,AUTOMOBILE,APOLLOTYRE,EQ,INE438A01022,Apollo Tyres ;
Ashok Leyland Ltd.,AUTOMOBILE,ASHOKLEY,EQ,INE208A01029,Ashok Leyland ;
Asian Paints Ltd.,CONSUMER GOODS,ASIANPAINT,EQ,INE021A01026,Asian Paints ;
Aurobindo Pharma Ltd.,PHARMA,AUROPHARMA,EQ,INE406A01037,Aurobindo Pharma ;
Avenue Supermarts Ltd.,CONSUMER SERVICES,DMART,EQ,INE192R01011,Avenue Supermarts ;
Axis Bank Ltd.,FINANCIAL SERVICES,AXISBANK,EQ,INE238A01034,Axis Bank ;
Bajaj Auto Ltd.,AUTOMOBILE,BAJAJ-AUTO,EQ,INE917I01010,Bajaj Auto ;
Bajaj Finance Ltd.,FINANCIAL SERVICES,BAJFINANCE,EQ,INE296A01024,Bajaj Finance ;
Bajaj Finserv Ltd.,FINANCIAL SERVICES,BAJAJFINSV,EQ,INE918I01018,Bajaj Finserv ;
Bajaj Holdings & Investment Ltd.,FINANCIAL SERVICES,BAJAJHLDNG,EQ,INE118A01012,Bajaj Holdings ;
Balkrishna Industries Ltd.,AUTOMOBILE,BALKRISIND,EQ,INE787D01026,Balkrishna Industries ;
Bandhan Bank Ltd.,FINANCIAL SERVICES,BANDHANBNK,EQ,INE545U01014,Bandhan Bank
Bank of Baroda,FINANCIAL SERVICES,BANKBARODA,EQ,INE028A01039,Bank of Baroda
Bank of India,FINANCIAL SERVICES,BANKINDIA,EQ,INE084A01016,Bank of India ; BOI
Bata India Ltd.,CONSUMER GOODS,BATAINDIA,EQ,INE176A01028,Bata ; Bata India
Berger Paints India Ltd.,CONSUMER GOODS,BERGEPAINT,EQ,INE463A01038,Berger Paints ; Berger Paints India  
Bharat Electronics Ltd.,INDUSTRIAL MANUFACTURING,BEL,EQ,INE263A01024,Bharat Electronics
Bharat Forge Ltd.,INDUSTRIAL MANUFACTURING,BHARATFORG,EQ,INE465A01025,Bharat Forge
Bharat Heavy Electricals Ltd.,INDUSTRIAL MANUFACTURING,BHEL,EQ,INE257A01026,Bharat Heavy Electricals
Bharat Petroleum Corporation Ltd.,OIL & GAS,BPCL,EQ,INE029A01011,Bharat Petroleum ; Bharat Petroleum Corporation
Bharti Airtel Ltd.,TELECOM,BHARTIARTL,EQ,INE397D01024,Bharti Airtel ; Airtel
Biocon Ltd.,PHARMA,BIOCON,EQ,INE376G01013,Biocon
Bombay Burmah Trading Corporation Ltd.,CONSUMER GOODS,BBTC,EQ,INE050A01025,Bombay Burmah Trading Corporation ; Bombay Burmah Trading ; Bombay Burmah
Bosch Ltd.,AUTOMOBILE,BOSCHLTD,EQ,INE323A01026,Bosch
Britannia Industries Ltd.,CONSUMER GOODS,BRITANNIA,EQ,INE216A01030,Britannia Industries ; Britannia
CESC Ltd.,POWER,CESC,EQ,INE486A01013,CESC
Cadila Healthcare Ltd.,PHARMA,CADILAHC,EQ,INE010B01027,Cadila Healthcare
Canara Bank,FINANCIAL SERVICES,CANBK,EQ,INE476A01014,Canara Bank
Castrol India Ltd.,OIL & GAS,CASTROLIND,EQ,INE172A01027,Castrol India ; Castrol India
Cholamandalam Investment and Finance Company Ltd.,FINANCIAL SERVICES,CHOLAFIN,EQ,INE121A01024,"Cholamandalam Investment and Finance , Cholamandalam Investment"
Cipla Ltd.,PHARMA,CIPLA,EQ,INE059A01026,Cipla
City Union Bank Ltd.,FINANCIAL SERVICES,CUB,EQ,INE491A01021,City Union Bank
Coal India Ltd.,METALS,COALINDIA,EQ,INE522F01014,Coal India
Coforge Ltd.,IT,COFORGE,EQ,INE591G01017,Coforge
Colgate Palmolive (India) Ltd.,CONSUMER GOODS,COLPAL,EQ,INE259A01022,Colgate Palmolive ; Colgate 
Container Corporation of India Ltd.,SERVICES,CONCOR,EQ,INE111A01025,Container Corporation of India ;
Coromandel International Ltd.,FERTILISERS & PESTICIDES,COROMANDEL,EQ,INE169A01031,Coromandel International
Crompton Greaves Consumer Electricals Ltd.,CONSUMER GOODS,CROMPTON,EQ,INE299U01018,Crompton Greaves Consumer Electricals ; Crompton Greaves
Cummins India Ltd.,INDUSTRIAL MANUFACTURING,CUMMINSIND,EQ,INE298A01020,Cummins India
DLF Ltd.,CONSTRUCTION,DLF,EQ,INE271C01023,DLF
Dabur India Ltd.,CONSUMER GOODS,DABUR,EQ,INE016A01026,Dabur India ; Dabur 
Dalmia Bharat Ltd.,CEMENT & CEMENT PRODUCTS,DALBHARAT,EQ,INE00R701025,Dalmia Bharat
Deepak Nitrite Ltd.,CHEMICALS,DEEPAKNTR,EQ,INE288B01029,Deepak Nitrite 
Dhani Services Ltd.,FINANCIAL SERVICES,DHANI,EQ,INE274G01010,Dhani Services 
Divi's Laboratories Ltd.,PHARMA,DIVISLAB,EQ,INE361B01024,Divi's Laboratories
Dixon Technologies (India) Ltd.,CONSUMER GOODS,DIXON,EQ,INE935N01020,Dixon Technologies (India) ; Dixon
Dr. Lal Path Labs Ltd.,HEALTHCARE SERVICES,LALPATHLAB,EQ,INE600L01024,Dr. Lal Path Labs
Dr. Reddy's Laboratories Ltd.,PHARMA,DRREDDY,EQ,INE089A01023,Dr. Reddy's Laboratories
Eicher Motors Ltd.,AUTOMOBILE,EICHERMOT,EQ,INE066A01021,Eicher Motors
Emami Ltd.,CONSUMER GOODS,EMAMILTD,EQ,INE548C01032,Emami
Endurance Technologies Ltd.,AUTOMOBILE,ENDURANCE,EQ,INE913H01037,Endurance Technologies
Escorts Ltd.,AUTOMOBILE,ESCORTS,EQ,INE042A01014,Escorts
Exide Industries Ltd.,AUTOMOBILE,EXIDEIND,EQ,INE302A01020,Exide Industries
Federal Bank Ltd.,FINANCIAL SERVICES,FEDERALBNK,EQ,INE171A01029,Federal Bank 
Fortis Healthcare Ltd.,HEALTHCARE SERVICES,FORTIS,EQ,INE061F01013,Fortis Healthcare
GAIL (India) Ltd.,OIL & GAS,GAIL,EQ,INE129A01019,"GAIL (India), GAIL"
GMR Infrastructure Ltd.,CONSTRUCTION,GMRINFRA,EQ,INE776C01039,GMR Infrastructure
Glenmark Pharmaceuticals Ltd.,PHARMA,GLENMARK,EQ,INE935A01035,Glenmark Pharmaceuticals
Godrej Agrovet Ltd.,CONSUMER GOODS,GODREJAGRO,EQ,INE850D01014,Godrej Agrovet ;
Godrej Consumer Products Ltd.,CONSUMER GOODS,GODREJCP,EQ,INE102D01028,Godrej Consumer Products ; Godrej Consumer
Godrej Industries Ltd.,CONSUMER GOODS,GODREJIND,EQ,INE233A01035,Godrej Industries
Godrej Properties Ltd.,CONSTRUCTION,GODREJPROP,EQ,INE484J01027,Godrej Properties
Grasim Industries Ltd.,CEMENT & CEMENT PRODUCTS,GRASIM,EQ,INE047A01021,Grasim Industries
Gujarat Gas Ltd.,OIL & GAS,GUJGASLTD,EQ,INE844O01030,Gujarat Gas
Gujarat State Petronet Ltd.,OIL & GAS,GSPL,EQ,INE246F01010,Gujarat State Petronet
HCL Technologies Ltd.,IT,HCLTECH,EQ,INE860A01027,HCL Technologies
HDFC Asset Management Company Ltd.,FINANCIAL SERVICES,HDFCAMC,EQ,INE127D01025,HDFC Asset Management Company ; HDFC AMC
HDFC Bank Ltd.,FINANCIAL SERVICES,HDFCBANK,EQ,INE040A01034,HDFC Bank
HDFC Life Insurance Company Ltd.,FINANCIAL SERVICES,HDFCLIFE,EQ,INE795G01014,HDFC Life Insurance Company ;
Havells India Ltd.,CONSUMER GOODS,HAVELLS,EQ,INE176B01034,Havells India
Hero MotoCorp Ltd.,AUTOMOBILE,HEROMOTOCO,EQ,INE158A01026,Hero MotoCorp
Hindalco Industries Ltd.,METALS,HINDALCO,EQ,INE038A01020,Hindalco Industries
Hindustan Aeronautics Ltd.,INDUSTRIAL MANUFACTURING,HAL,EQ,INE066F01012,Hindustan Aeronautics
Hindustan Petroleum Corporation Ltd.,OIL & GAS,HINDPETRO,EQ,INE094A01015,Hindustan Petroleum Corporation ; Hindustan Petroleum
Hindustan Unilever Ltd.,CONSUMER GOODS,HINDUNILVR,EQ,INE030A01027,Hindustan Unilever ; HUL
Hindustan Zinc Ltd.,METALS,HINDZINC,EQ,INE267A01025,Hindustan Zinc ;
Housing Development Finance Corporation Ltd.,FINANCIAL SERVICES,HDFC,EQ,INE001A01036,Housing Development Finance Corporation ; 
ICICI Bank Ltd.,FINANCIAL SERVICES,ICICIBANK,EQ,INE090A01021,ICICI Bank
ICICI Lombard General Insurance Company Ltd.,FINANCIAL SERVICES,ICICIGI,EQ,INE765G01017,ICICI Lombard General Insurance Company ; ICICI Lombard
ICICI Prudential Life Insurance Company Ltd.,FINANCIAL SERVICES,ICICIPRULI,EQ,INE726G01019,ICICI Prudential Life Insurance Company ; ICICI Prudential Life Insurance
ICICI Securities Ltd.,FINANCIAL SERVICES,ISEC,EQ,INE763G01038,ICICI Securities
IDFC First Bank Ltd.,FINANCIAL SERVICES,IDFCFIRSTB,EQ,INE092T01019,IDFC First Bank ; IDFC First ; IDFC
ITC Ltd.,CONSUMER GOODS,ITC,EQ,INE154A01025,ITC
Indiabulls Housing Finance Ltd.,FINANCIAL SERVICES,IBULHSGFIN,EQ,INE148I01020,Indiabulls Housing Finance ; Indiabulls
Indiamart Intermesh Ltd.,CONSUMER SERVICES,INDIAMART,EQ,INE933S01016,Indiamart Intermesh ; Indiamart
Indian Hotels Co. Ltd.,CONSUMER SERVICES,INDHOTEL,EQ,INE053A01029,Indian Hotels ; Indian Hotels Co
Indian Oil Corporation Ltd.,OIL & GAS,IOC,EQ,INE242A01010,Indian Oil Corporation
Indian Railway Catering And Tourism Corporation Ltd.,SERVICES,IRCTC,EQ,INE335Y01012,Indian Railway Catering And Tourism Corporation ; Indian Railway
Indraprastha Gas Ltd.,OIL & GAS,IGL,EQ,INE203G01027,Indraprastha Gas
Indus Towers Ltd.,TELECOM,INDUSTOWER,EQ,INE121J01017,Indus Towers
IndusInd Bank Ltd.,FINANCIAL SERVICES,INDUSINDBK,EQ,INE095A01012,IndusInd Bank ; IndusInd
Info Edge (India) Ltd.,CONSUMER SERVICES,NAUKRI,EQ,INE663F01024,Info Edge (India) ; Info Edge
Infosys Ltd.,IT,INFY,EQ,INE009A01021,Infosys
InterGlobe Aviation Ltd.,SERVICES,INDIGO,EQ,INE646L01027,InterGlobe Aviation ; 
Ipca Laboratories Ltd.,PHARMA,IPCALAB,EQ,INE571A01020,Ipca Laboratories ; Ipca 
JSW Energy Ltd.,POWER,JSWENERGY,EQ,INE121E01018,JSW Energy ;
JSW Steel Ltd.,METALS,JSWSTEEL,EQ,INE019A01038,JSW Steel ;
Jindal Steel & Power Ltd.,METALS,JINDALSTEL,EQ,INE749A01030,Jindal Steel & Power ; Jindal Steel
Jubilant Foodworks Ltd.,CONSUMER SERVICES,JUBLFOOD,EQ,INE797F01012,Jubilant Foodworks ; Jubilant Food
Kotak Mahindra Bank Ltd.,FINANCIAL SERVICES,KOTAKBANK,EQ,INE237A01028,Kotak Mahindra Bank ; Kotak Mahindra
L&T Finance Holdings Ltd.,FINANCIAL SERVICES,L&TFH,EQ,INE498L01015,L&T Finance Holdings ; L&T Finance
L&T Technology Services Ltd.,SERVICES,LTTS,EQ,INE010V01017,L&T Technology Services ; L&T Technology
LIC Housing Finance Ltd.,FINANCIAL SERVICES,LICHSGFIN,EQ,INE115A01026,LIC HFL ; LIC Housing Finance
Larsen & Toubro Infotech Ltd.,IT,LTI,EQ,INE214T01019,Larsen & Toubro Infotech ; L&T Infotech
Larsen & Toubro Ltd.,CONSTRUCTION,LT,EQ,INE018A01030,Larsen & Toubro ; L&T
Laurus Labs Ltd.,PHARMA,LAURUSLABS,EQ,INE947Q01028,Laurus Labs
Lupin Ltd.,PHARMA,LUPIN,EQ,INE326A01037,Lupin
MRF Ltd.,AUTOMOBILE,MRF,EQ,INE883A01011,MRF
Mahanagar Gas Ltd.,OIL & GAS,MGL,EQ,INE002S01010,Mahanagar Gas
Mahindra & Mahindra Financial Services Ltd.,FINANCIAL SERVICES,M&MFIN,EQ,INE774D01024,Mahindra & Mahindra Financial Services ; MNM Finance
Mahindra & Mahindra Ltd.,AUTOMOBILE,M&M,EQ,INE101A01026,Mahindra & Mahindra
Manappuram Finance Ltd.,FINANCIAL SERVICES,MANAPPURAM,EQ,INE522D01027,Manappuram Finance
Marico Ltd.,CONSUMER GOODS,MARICO,EQ,INE196A01026,Marico
Maruti Suzuki India Ltd.,AUTOMOBILE,MARUTI,EQ,INE585B01010,Maruti ; Maruti Suzuki ; Maruti Suzuki India ;
Max Financial Services Ltd.,FINANCIAL SERVICES,MFSL,EQ,INE180A01020,Max Financial Services
MindTree Ltd.,IT,MINDTREE,EQ,INE018I01017,MindTree ; 
Motherson Sumi Systems Ltd.,AUTOMOBILE,MOTHERSUMI,EQ,INE775A01035,Motherson ; Motherson Sumi Systems
MphasiS Ltd.,IT,MPHASIS,EQ,INE356A01018,Mphasis ; 
Muthoot Finance Ltd.,FINANCIAL SERVICES,MUTHOOTFIN,EQ,INE414G01012,Muthoot ; Muthoot Finance
NATCO Pharma Ltd.,PHARMA,NATCOPHARM,EQ,INE987B01026,NATCO
NMDC Ltd.,METALS,NMDC,EQ,INE584A01023,NMDC
NTPC Ltd.,POWER,NTPC,EQ,INE733E01010,NTPC
Navin Fluorine International Ltd.,CHEMICALS,NAVINFLUOR,EQ,INE048G01026,Navin Fluorine International
Nestle India Ltd.,CONSUMER GOODS,NESTLEIND,EQ,INE239A01016,Nestle India ; Nestle
Nippon Life India Asset Management Ltd.,FINANCIAL SERVICES,NAM-INDIA,EQ,INE298J01013,Nippon Life India Asset Management ; Nippon
Oberoi Realty Ltd.,CONSTRUCTION,OBEROIRLTY,EQ,INE093I01010,Oberoi Realty
Oil & Natural Gas Corporation Ltd.,OIL & GAS,ONGC,EQ,INE213A01029,Oil & Natural Gas Corporation ; Oil and Natural Gas Corporation
Oil India Ltd.,OIL & GAS,OIL,EQ,INE274J01014,Oil India ;
PI Industries Ltd.,FERTILISERS & PESTICIDES,PIIND,EQ,INE603J01030,PI Industries ; 
Page Industries Ltd.,TEXTILES,PAGEIND,EQ,INE761H01022,Page Industries ;
Petronet LNG Ltd.,OIL & GAS,PETRONET,EQ,INE347G01014,Petronet LNG ; Petronet
Pfizer Ltd.,PHARMA,PFIZER,EQ,INE182A01018,Pfizer
Pidilite Industries Ltd.,CHEMICALS,PIDILITIND,EQ,INE318A01026,Pidilite Industries ; Pidilite
Piramal Enterprises Ltd.,FINANCIAL SERVICES,PEL,EQ,INE140A01024,Piramal Enterprises ; Piramal
Polycab India Ltd.,INDUSTRIAL MANUFACTURING,POLYCAB,EQ,INE455K01017,Polycab India ; Polycab
Power Finance Corporation Ltd.,FINANCIAL SERVICES,PFC,EQ,INE134E01011,Power Finance Corporation; Power Finance
Power Grid Corporation of India Ltd.,POWER,POWERGRID,EQ,INE752E01010,Power Grid Corporation of India
Prestige Estates Projects Ltd.,CONSTRUCTION,PRESTIGE,EQ,INE811K01011,Prestige Estates Projects ; Prestige Estates
Procter & Gamble Hygiene & Health Care Ltd.,CONSUMER GOODS,PGHH,EQ,INE179A01014,Procter & Gamble Hygiene & Health Care ; Procter & Gamble Hygiene
Punjab National Bank,FINANCIAL SERVICES,PNB,EQ,INE160A01022,Punjab National Bank ; PNB
RBL Bank Ltd.,FINANCIAL SERVICES,RBLBANK,EQ,INE976G01028,RBL ; RBL Bank
REC Ltd.,FINANCIAL SERVICES,RECLTD,EQ,INE020B01018,REC
Reliance Industries Ltd.,OIL & GAS,RELIANCE,EQ,INE002A01018,Reliance ; Reliance Industries
SBI Cards and Payment Services Ltd.,FINANCIAL SERVICES,SBICARD,EQ,INE018E01016,SBI Cards ; 
SBI Life Insurance Company Ltd.,FINANCIAL SERVICES,SBILIFE,EQ,INE123W01016,SBI Life Insurance ; SBI Life
SRF Ltd.,CHEMICALS,SRF,EQ,INE647A01010,SRF
Sanofi India Ltd.,PHARMA,SANOFI,EQ,INE058A01010,Sanofi
Shree Cement Ltd.,CEMENT & CEMENT PRODUCTS,SHREECEM,EQ,INE070A01015,Shree Cement ; 
Shriram Transport Finance Co. Ltd.,FINANCIAL SERVICES,SRTRANSFIN,EQ,INE721A01013,Shriram Transport Finance; Shriram Finance
Siemens Ltd.,INDUSTRIAL MANUFACTURING,SIEMENS,EQ,INE003A01024,Siemens
State Bank of India,FINANCIAL SERVICES,SBIN,EQ,INE062A01020,State Bank of India ; SBI 
Steel Authority of India Ltd.,METALS,SAIL,EQ,INE114A01011,Steel Authority of India ; 
Sun Pharmaceutical Industries Ltd.,PHARMA,SUNPHARMA,EQ,INE044A01036,Sun Pharmaceutical; Sun Pharma
Sun TV Network Ltd.,MEDIA ENTERTAINMENT & PUBLICATION,SUNTV,EQ,INE424H01027,Sun TV
Syngene International Ltd.,HEALTHCARE SERVICES,SYNGENE,EQ,INE398R01022,Syngene International ;
TVS Motor Company Ltd.,AUTOMOBILE,TVSMOTOR,EQ,INE494B01023,TVS Motor ; TVS
Tata Chemicals Ltd.,CHEMICALS,TATACHEM,EQ,INE092A01019,Tata Chemicals; Tata Chemical
Tata Consultancy Services Ltd.,IT,TCS,EQ,INE467B01029,Tata Consultancy Services
Tata Consumer Products Ltd.,CONSUMER GOODS,TATACONSUM,EQ,INE192A01025,Tata Consumer
Tata Elxsi Ltd.,IT,TATAELXSI,EQ,INE670A01012,Tata Elxsi
Tata Motors Ltd.,AUTOMOBILE,TATAMOTORS,EQ,INE155A01022,Tata Motors ; Tata Motor; Tata Motors

Tata Power Co. Ltd.,POWER,TATAPOWER,EQ,INE245A01021,Tata Power
Tata Steel Ltd.,METALS,TATASTEEL,EQ,INE081A01012,Tata Steel
Tech Mahindra Ltd.,IT,TECHM,EQ,INE669C01036,Tech Mahindra
The Ramco Cements Ltd.,CEMENT & CEMENT PRODUCTS,RAMCOCEM,EQ,INE331A01037,The Ramco Cements; Ramco ; Ramco Cements
Titan Company Ltd.,CONSUMER GOODS,TITAN,EQ,INE280A01028,Titan Company; Titan
Torrent Pharmaceuticals Ltd.,PHARMA,TORNTPHARM,EQ,INE685A01028,Torrent Pharmaceuticals
Torrent Power Ltd.,POWER,TORNTPOWER,EQ,INE813H01021,Torrent Power
Trent Ltd.,CONSUMER SERVICES,TRENT,EQ,INE849A01020,Trent
UPL Ltd.,FERTILISERS & PESTICIDES,UPL,EQ,INE628A01036,UPL
UltraTech Cement Ltd.,CEMENT & CEMENT PRODUCTS,ULTRACEMCO,EQ,INE481G01011,UltraTech ; UltraTech Cement
Union Bank of India,FINANCIAL SERVICES,UNIONBANK,EQ,INE692A01016,Union Bank
United Breweries Ltd.,CONSUMER GOODS,UBL,EQ,INE686F01025,United Breweries
United Spirits Ltd.,CONSUMER GOODS,MCDOWELL-N,EQ,INE854D01024,United Spirits
V-Guard Industries Ltd.,CONSUMER GOODS,VGUARD,EQ,INE951I01027,V-Guard
Varun Beverages Ltd.,CONSUMER GOODS,VBL,EQ,INE200M01013,Varun Beverages
Vedanta Ltd.,METALS,VEDL,EQ,INE205A01025,Vedanta
Vodafone Idea Ltd.,TELECOM,IDEA,EQ,INE669E01016,Vodafone ; Vodafone Idea
Voltas Ltd.,CONSUMER GOODS,VOLTAS,EQ,INE226A01021,Voltas
Whirlpool of India Ltd.,CONSUMER GOODS,WHIRLPOOL,EQ,INE716A01013,Whirlpool
Wipro Ltd.,IT,WIPRO,EQ,INE075A01022,Wipro
Yes Bank Ltd.,FINANCIAL SERVICES,YESBANK,EQ,INE528G01035,Yes Bank
Zee Entertainment Enterprises Ltd.,MEDIA ENTERTAINMENT & PUBLICATION,ZEEL,EQ,INE256A01028,Zee Entertainment ; Zee
